<?xml version="1.0"?>
<views>

  <view name="Custom">
    <category name="Tsuru">
      <attach sprite="724"/>
      <attach sprite="725"/>
      <attach sprite="726"/>
      <attach sprite="727"/>
      <attach sprite="728"/>
      <attach sprite="729"/>
      <attach sprite="730"/>
      <attach sprite="731"/>
      <attach sprite="732"/>
      <attach sprite="733"/>
      <attach sprite="734"/>
      <attach sprite="735"/>
      <attach sprite="736"/>
      <attach sprite="737"/>
      <attach sprite="738"/>
      <attach sprite="739"/>
      <attach sprite="740"/>
      <attach sprite="741"/>
      <attach sprite="742"/>
      <attach sprite="743"/>
      <attach sprite="744"/>
      <attach sprite="745"/>
      <attach sprite="746"/>
      <attach sprite="747"/>
      <attach sprite="748"/>
      <attach sprite="749"/>
      <attach sprite="750"/>
      <attach sprite="751"/>
      <attach sprite="752"/>
      <attach sprite="753"/>
      <attach sprite="754"/>
      <attach sprite="755"/>
      <attach sprite="756"/>
      <attach sprite="757"/>
      <attach sprite="758"/>
      <attach sprite="759"/>
      <attach sprite="760"/>
      <attach sprite="761"/>
      <attach sprite="762"/>
      <attach sprite="763"/>
      <attach sprite="764"/>
    </category>

    <category name="Kusa">
      <attach sprite="767"/>
      <attach sprite="775"/>
      <attach sprite="776"/>
      <attach sprite="777"/>
      <attach sprite="778"/>
      <attach sprite="779"/>
      <attach sprite="780"/>
      <attach sprite="781"/>
      <attach sprite="782"/>
      <attach sprite="783"/>
      <attach sprite="784"/>
      <attach sprite="785"/>
      <attach sprite="786"/>
      <attach sprite="787"/>
      <attach sprite="788"/>
      <attach sprite="789"/>
      <attach sprite="790"/>
    </category>

    
    
    </view>
    <views>
</views>
</views>





